题目,Flag,一血获得者,提交时间
签退,/,御坂美琴,2023-01-24 18:19:51
Happy2023!,/,k1ey,2023-01-21 16:48:28
签到,/,平芜尽处外,2023-01-21 08:02:09
躺平问答,/,k1ey,2023-01-21 23:59:01
躺平问答,部分的题目,■,2023-01-21 13:29:58
躺平问答,全部的题目,k1ey,2023-01-21 23:59:01
二维的码,/,hangyi,2023-01-24 15:32:34
二维的码,来自理塘的码,喜欢江雨婷,2023-01-24 12:45:18
二维的码,你管这叫码？,喜欢江雨婷,2023-01-24 13:14:28
二维的码,来自兔年的码,hangyi,2023-01-24 15:32:34
神秘的……文字？,/,k1ey,2023-01-22 15:09:37
神秘的……文字？,这么简单,御坂美琴,2023-01-22 12:19:57
神秘的……文字？,毕加思索,御坂美琴,2023-01-22 14:21:33
神秘的……文字？,喵？咕？唔~,k1ey,2023-01-22 15:05:57
HTTP百解,/,one person 坐牢,2023-01-21 10:00:46
HTTP百解,神之眼,one person 坐牢,2023-01-21 08:02:26
HTTP百解,导引内卷之力,one person 坐牢,2023-01-21 10:00:46
躺平问答 · Beta版,/,平芜尽处外,2023-01-22 12:00:49
WearMe 核心机房 准入验证,/,御坂美琴,2023-01-22 13:53:11
WearMe 核心机房 准入验证,我去，你怎么在这,k1ey,2023-01-22 13:35:32
WearMe 核心机房 准入验证,我测，黑客！,御坂美琴,2023-01-22 13:52:09
我抄，盒！,/,群傻逼，时不时被大佬暴虐,2023-01-24 13:05:02
我抄，盒！,照片中的flag,zer01,2023-01-24 12:03:44
我抄，盒！,网站中的flag,群傻逼，时不时被大佬暴虐,2023-01-24 13:05:02
口算大整数,/,Mar10,2023-01-24 12:09:35
V我≈50,/,k1ey,2023-01-21 10:57:57
躺平flag提取器,/,koyun88,2023-01-21 09:20:21
躺平flag提取器,我真的不到啊,zer01,2023-01-21 08:13:17
躺平flag提取器,太美丽了家人们,koyun88,2023-01-21 09:20:21
躺平flag提取器 · 极速版,/,TokameinE,2023-01-22 12:13:54
躺平flag提取器 · 极速版,快速提取,TokameinE,2023-01-22 12:13:08
躺平flag提取器 · 极速版,安全提取,平芜尽处外,2023-01-22 12:09:05
